{
    "ApproxMul_Atefeh_Mul1": {
        "MRED": 0.07183105856897541,
        "NMED": 0.00493531212078888,
        "PDAP": 8.076833064315963,
        "PSNR": {},
        "SNR": {},
        "area": 311.400001,
        "delay": 4301.14,
        "power": 6.0303e-06
    },
    "ApproxMul_Atefeh_Mul2": {
        "MRED": 1.1494424317423069,
        "NMED": 0.041965150404141435,
        "PDAP": 0.5385936272709078,
        "PSNR": {},
        "SNR": {},
        "area": 111.600001,
        "delay": 2787.08,
        "power": 1.7316e-06
    },
    "ApproxMul_Atefeh_Mul3": {
        "MRED": 0.11538754161543363,
        "NMED": 0.013218375106629661,
        "PDAP": 5.771444118552,
        "PSNR": {
            "2015_00004.jpg&&2015_00010.jpg": 54.45408801948718,
            "2015_00015.jpg&&2015_00021.jpg": 53.78659442965995
        },
        "SNR": {
            "2015_00004.jpg&&2015_00010.jpg": 9.414322394359244,
            "2015_00015.jpg&&2015_00021.jpg": 12.826650489592092
        },
        "SSIM": {
            "2015_00004.jpg&&2015_00010.jpg": 0.9897531012639714,
            "2015_00015.jpg&&2015_00021.jpg": 0.9937940743777437
        },
        "area": 285.84,
        "delay": 4039.85,
        "power": 4.998e-06
    },
    "ApproxMul_MyDesign6_2": {
        "MRED": 0.13701486920408784,
        "NMED": 0.014287744835219628,
        "PDAP": 3.8515252922280006,
        "PSNR": {
            "2015_00004.jpg&&2015_00010.jpg": 55.892894639806606,
            "2015_00015.jpg&&2015_00021.jpg": 54.827247777098556,
            "AirplaneY.jpg&&LakeY.jpg": 33.09121737265036,
            "AirplaneY.jpg&&PepperY.jpg": 33.19348461014663,
            "MandrillY.jpg&&SplashY.jpg": 36.05110681335025
        },
        "SNR": {
            "2015_00004.jpg&&2015_00010.jpg": 10.85312901467867,
            "2015_00015.jpg&&2015_00021.jpg": 13.867303837030702
        },
        "SSIM": {},
        "area": 250.2,
        "delay": 3477.8,
        "power": 4.4263e-06
    },
    "ExactMul": {
        "MRED": 0.0,
        "NMED": 0.0,
        "PDAP": 38.093411652825594,
        "PSNR": {},
        "SNR": {},
        "SSIM": {},
        "area": 620.28,
        "delay": 5229.33,
        "power": 1.1744e-05
    },
    "optimized_approximate_multiplier_8x8": {
        "MRED": 0.03191340357770827,
        "NMED": 0.0017656402998546233,
        "PDAP": 9.916037694435639,
        "PSNR": {
            "2015_00004.jpg&&2015_00010.jpg": 57.28531148667443,
            "2015_00015.jpg&&2015_00021.jpg": 56.41588190705809
        },
        "SNR": {
            "2015_00004.jpg&&2015_00010.jpg": 12.245545861546494,
            "2015_00015.jpg&&2015_00021.jpg": 15.455937966990243
        },
        "SSIM": {
            "2015_00004.jpg&&2015_00010.jpg": 0.9942324676381907,
            "2015_00015.jpg&&2015_00021.jpg": 0.9944912069534882
        },
        "area": 344.880002,
        "delay": 4273.06,
        "power": 6.7287e-06
    }
}